rank,enzyme_id,position,original_aa,mutation_aa,solvent_context_score,property_delta,hydrophobicity_shift
1,ENZ001,12,A,D,0.8571,2,1
2,ENZ001,12,A,E,0.8571,2,1
3,ENZ001,12,A,H,0.8571,2,1
4,ENZ001,12,A,K,0.8571,2,1
5,ENZ001,12,A,N,0.8571,2,1
6,ENZ001,12,A,Q,0.8571,2,1
7,ENZ001,12,A,R,0.8571,2,1
8,ENZ001,12,A,S,0.8571,2,1
9,ENZ001,12,A,T,0.8571,2,1
10,ENZ001,21,V,D,0.8571,2,1
1,ENZ002,11,A,D,0.8571,2,1
2,ENZ002,11,A,E,0.8571,2,1
3,ENZ002,11,A,H,0.8571,2,1
4,ENZ002,11,A,K,0.8571,2,1
5,ENZ002,11,A,N,0.8571,2,1
6,ENZ002,11,A,Q,0.8571,2,1
7,ENZ002,11,A,R,0.8571,2,1
8,ENZ002,11,A,S,0.8571,2,1
9,ENZ002,11,A,T,0.8571,2,1
10,ENZ002,12,S,D,0.8571,2,0
1,ENZ003,14,M,D,1.0,2,1
2,ENZ003,14,M,E,1.0,2,1
3,ENZ003,14,M,H,1.0,2,1
4,ENZ003,14,M,K,1.0,2,1
5,ENZ003,14,M,N,1.0,2,1
6,ENZ003,14,M,Q,1.0,2,1
7,ENZ003,14,M,R,1.0,2,1
8,ENZ003,14,M,S,1.0,2,1
9,ENZ003,14,M,T,1.0,2,1
10,ENZ003,15,A,D,1.0,2,1
1,ENZ006,224,A,D,0.8571,2,1
2,ENZ006,224,A,E,0.8571,2,1
3,ENZ006,224,A,H,0.8571,2,1
4,ENZ006,224,A,K,0.8571,2,1
5,ENZ006,224,A,N,0.8571,2,1
6,ENZ006,224,A,Q,0.8571,2,1
7,ENZ006,224,A,R,0.8571,2,1
8,ENZ006,224,A,S,0.8571,2,1
9,ENZ006,224,A,T,0.8571,2,1
10,ENZ006,225,W,D,0.8571,2,1
1,ENZ_PAZY1_17,16,A,D,1.0,2,1
2,ENZ_PAZY1_17,16,A,E,1.0,2,1
3,ENZ_PAZY1_17,16,A,H,1.0,2,1
4,ENZ_PAZY1_17,16,A,K,1.0,2,1
5,ENZ_PAZY1_17,16,A,N,1.0,2,1
6,ENZ_PAZY1_17,16,A,Q,1.0,2,1
7,ENZ_PAZY1_17,16,A,R,1.0,2,1
8,ENZ_PAZY1_17,16,A,S,1.0,2,1
9,ENZ_PAZY1_17,16,A,T,1.0,2,1
10,ENZ_PAZY1_17,17,L,D,1.0,2,1
1,ENZ_PAZY1_28,265,E,F,0.75,2,1
2,ENZ_PAZY1_28,265,E,H,0.75,2,0
3,ENZ_PAZY1_28,265,E,I,0.75,2,1
4,ENZ_PAZY1_28,265,E,K,0.75,2,0
5,ENZ_PAZY1_28,265,E,L,0.75,2,1
6,ENZ_PAZY1_28,265,E,M,0.75,2,1
7,ENZ_PAZY1_28,265,E,N,0.75,2,0
8,ENZ_PAZY1_28,265,E,Q,0.75,2,0
9,ENZ_PAZY1_28,265,E,R,0.75,2,0
10,ENZ_PAZY1_28,265,E,S,0.75,2,0
1,ENZ_PAZY1_37,56,A,D,0.7143,2,1
2,ENZ_PAZY1_37,56,A,E,0.7143,2,1
3,ENZ_PAZY1_37,56,A,H,0.7143,2,1
4,ENZ_PAZY1_37,56,A,K,0.7143,2,1
5,ENZ_PAZY1_37,56,A,N,0.7143,2,1
6,ENZ_PAZY1_37,56,A,Q,0.7143,2,1
7,ENZ_PAZY1_37,56,A,R,0.7143,2,1
8,ENZ_PAZY1_37,56,A,S,0.7143,2,1
9,ENZ_PAZY1_37,56,A,T,0.7143,2,1
10,ENZ_PAZY1_37,57,V,D,0.7143,2,1
1,ENZ_PAZY1_42,300,A,D,1.0,2,1
2,ENZ_PAZY1_42,300,A,E,1.0,2,1
3,ENZ_PAZY1_42,300,A,H,1.0,2,1
4,ENZ_PAZY1_42,300,A,K,1.0,2,1
5,ENZ_PAZY1_42,300,A,N,1.0,2,1
6,ENZ_PAZY1_42,300,A,Q,1.0,2,1
7,ENZ_PAZY1_42,300,A,R,1.0,2,1
8,ENZ_PAZY1_42,300,A,S,1.0,2,1
9,ENZ_PAZY1_42,300,A,T,1.0,2,1
10,ENZ_PAZY1_42,301,A,D,1.0,2,1
1,ENZ_PAZY1_497,16,A,D,0.8571,2,1
2,ENZ_PAZY1_497,16,A,E,0.8571,2,1
3,ENZ_PAZY1_497,16,A,H,0.8571,2,1
4,ENZ_PAZY1_497,16,A,K,0.8571,2,1
5,ENZ_PAZY1_497,16,A,N,0.8571,2,1
6,ENZ_PAZY1_497,16,A,Q,0.8571,2,1
7,ENZ_PAZY1_497,16,A,R,0.8571,2,1
8,ENZ_PAZY1_497,16,A,S,0.8571,2,1
9,ENZ_PAZY1_497,16,A,T,0.8571,2,1
10,ENZ_PAZY1_497,19,A,D,0.8571,2,1
1,ENZ_PAZY1_498,130,A,D,0.8571,2,1
2,ENZ_PAZY1_498,130,A,E,0.8571,2,1
3,ENZ_PAZY1_498,130,A,H,0.8571,2,1
4,ENZ_PAZY1_498,130,A,K,0.8571,2,1
5,ENZ_PAZY1_498,130,A,N,0.8571,2,1
6,ENZ_PAZY1_498,130,A,Q,0.8571,2,1
7,ENZ_PAZY1_498,130,A,R,0.8571,2,1
8,ENZ_PAZY1_498,130,A,S,0.8571,2,1
9,ENZ_PAZY1_498,130,A,T,0.8571,2,1
10,ENZ_PAZY1_498,132,F,D,0.8571,2,1
1,ENZ_PAZY1_499,4,A,D,0.8571,2,1
2,ENZ_PAZY1_499,4,A,E,0.8571,2,1
3,ENZ_PAZY1_499,4,A,H,0.8571,2,1
4,ENZ_PAZY1_499,4,A,K,0.8571,2,1
5,ENZ_PAZY1_499,4,A,N,0.8571,2,1
6,ENZ_PAZY1_499,4,A,Q,0.8571,2,1
7,ENZ_PAZY1_499,4,A,R,0.8571,2,1
8,ENZ_PAZY1_499,4,A,S,0.8571,2,1
9,ENZ_PAZY1_499,4,A,T,0.8571,2,1
10,ENZ_PAZY1_499,6,A,D,0.8571,2,1
1,ENZ_PAZY_217,155,L,D,1.0,2,1
2,ENZ_PAZY_217,155,L,E,1.0,2,1
3,ENZ_PAZY_217,155,L,H,1.0,2,1
4,ENZ_PAZY_217,155,L,K,1.0,2,1
5,ENZ_PAZY_217,155,L,N,1.0,2,1
6,ENZ_PAZY_217,155,L,Q,1.0,2,1
7,ENZ_PAZY_217,155,L,R,1.0,2,1
8,ENZ_PAZY_217,155,L,S,1.0,2,1
9,ENZ_PAZY_217,155,L,T,1.0,2,1
10,ENZ_PAZY_217,154,A,D,0.8571,2,1
1,ENZ_PAZY_218,11,V,D,0.8571,2,1
2,ENZ_PAZY_218,11,V,E,0.8571,2,1
3,ENZ_PAZY_218,11,V,H,0.8571,2,1
4,ENZ_PAZY_218,11,V,K,0.8571,2,1
5,ENZ_PAZY_218,11,V,N,0.8571,2,1
6,ENZ_PAZY_218,11,V,Q,0.8571,2,1
7,ENZ_PAZY_218,11,V,R,0.8571,2,1
8,ENZ_PAZY_218,11,V,S,0.8571,2,1
9,ENZ_PAZY_218,11,V,T,0.8571,2,1
10,ENZ_PAZY_218,200,V,D,0.8571,2,1
1,ENZ_PAZY_219,215,A,D,0.8571,2,1
2,ENZ_PAZY_219,215,A,E,0.8571,2,1
3,ENZ_PAZY_219,215,A,H,0.8571,2,1
4,ENZ_PAZY_219,215,A,K,0.8571,2,1
5,ENZ_PAZY_219,215,A,N,0.8571,2,1
6,ENZ_PAZY_219,215,A,Q,0.8571,2,1
7,ENZ_PAZY_219,215,A,R,0.8571,2,1
8,ENZ_PAZY_219,215,A,S,0.8571,2,1
9,ENZ_PAZY_219,215,A,T,0.8571,2,1
10,ENZ_PAZY_219,337,D,F,0.8571,2,1
1,ENZ_PAZY_220,167,F,D,0.8571,2,1
2,ENZ_PAZY_220,167,F,E,0.8571,2,1
3,ENZ_PAZY_220,167,F,H,0.8571,2,1
4,ENZ_PAZY_220,167,F,K,0.8571,2,1
5,ENZ_PAZY_220,167,F,N,0.8571,2,1
6,ENZ_PAZY_220,167,F,Q,0.8571,2,1
7,ENZ_PAZY_220,167,F,R,0.8571,2,1
8,ENZ_PAZY_220,167,F,S,0.8571,2,1
9,ENZ_PAZY_220,167,F,T,0.8571,2,1
10,ENZ_PAZY_220,266,A,D,0.8571,2,1
1,ENZ_PAZY_221,155,A,D,0.8571,2,1
2,ENZ_PAZY_221,155,A,E,0.8571,2,1
3,ENZ_PAZY_221,155,A,H,0.8571,2,1
4,ENZ_PAZY_221,155,A,K,0.8571,2,1
5,ENZ_PAZY_221,155,A,N,0.8571,2,1
6,ENZ_PAZY_221,155,A,Q,0.8571,2,1
7,ENZ_PAZY_221,155,A,R,0.8571,2,1
8,ENZ_PAZY_221,155,A,S,0.8571,2,1
9,ENZ_PAZY_221,155,A,T,0.8571,2,1
10,ENZ_PAZY_221,209,E,F,0.8571,2,1
1,ENZ_PAZY_222,164,A,D,1.0,2,1
2,ENZ_PAZY_222,164,A,E,1.0,2,1
3,ENZ_PAZY_222,164,A,H,1.0,2,1
4,ENZ_PAZY_222,164,A,K,1.0,2,1
5,ENZ_PAZY_222,164,A,N,1.0,2,1
6,ENZ_PAZY_222,164,A,Q,1.0,2,1
7,ENZ_PAZY_222,164,A,R,1.0,2,1
8,ENZ_PAZY_222,164,A,S,1.0,2,1
9,ENZ_PAZY_222,164,A,T,1.0,2,1
10,ENZ_PAZY_222,163,A,D,0.8571,2,1
1,ENZ_PAZY_245,68,V,D,0.8571,2,1
2,ENZ_PAZY_245,68,V,E,0.8571,2,1
3,ENZ_PAZY_245,68,V,H,0.8571,2,1
4,ENZ_PAZY_245,68,V,K,0.8571,2,1
5,ENZ_PAZY_245,68,V,N,0.8571,2,1
6,ENZ_PAZY_245,68,V,Q,0.8571,2,1
7,ENZ_PAZY_245,68,V,R,0.8571,2,1
8,ENZ_PAZY_245,68,V,S,0.8571,2,1
9,ENZ_PAZY_245,68,V,T,0.8571,2,1
10,ENZ_PAZY_245,180,A,D,0.8571,2,1
1,ENZ_PAZY_246,169,D,F,0.8571,2,1
2,ENZ_PAZY_246,169,D,H,0.8571,2,0
3,ENZ_PAZY_246,169,D,I,0.8571,2,1
4,ENZ_PAZY_246,169,D,K,0.8571,2,0
5,ENZ_PAZY_246,169,D,L,0.8571,2,1
6,ENZ_PAZY_246,169,D,M,0.8571,2,1
7,ENZ_PAZY_246,169,D,N,0.8571,2,0
8,ENZ_PAZY_246,169,D,Q,0.8571,2,0
9,ENZ_PAZY_246,169,D,R,0.8571,2,0
10,ENZ_PAZY_246,169,D,S,0.8571,2,0
1,ENZ_PAZY_247,199,V,D,0.8571,2,1
2,ENZ_PAZY_247,199,V,E,0.8571,2,1
3,ENZ_PAZY_247,199,V,H,0.8571,2,1
4,ENZ_PAZY_247,199,V,K,0.8571,2,1
5,ENZ_PAZY_247,199,V,N,0.8571,2,1
6,ENZ_PAZY_247,199,V,Q,0.8571,2,1
7,ENZ_PAZY_247,199,V,R,0.8571,2,1
8,ENZ_PAZY_247,199,V,S,0.8571,2,1
9,ENZ_PAZY_247,199,V,T,0.8571,2,1
10,ENZ_PAZY_247,10,V,D,0.7143,2,1
1,ENZ_PAZY_248,320,V,D,1.0,2,1
2,ENZ_PAZY_248,320,V,E,1.0,2,1
3,ENZ_PAZY_248,320,V,H,1.0,2,1
4,ENZ_PAZY_248,320,V,K,1.0,2,1
5,ENZ_PAZY_248,320,V,N,1.0,2,1
6,ENZ_PAZY_248,320,V,Q,1.0,2,1
7,ENZ_PAZY_248,320,V,R,1.0,2,1
8,ENZ_PAZY_248,320,V,S,1.0,2,1
9,ENZ_PAZY_248,320,V,T,1.0,2,1
10,ENZ_PAZY_248,321,A,D,1.0,2,1
1,ENZ_PAZY_249,9,L,D,0.8571,2,1
2,ENZ_PAZY_249,9,L,E,0.8571,2,1
3,ENZ_PAZY_249,9,L,H,0.8571,2,1
4,ENZ_PAZY_249,9,L,K,0.8571,2,1
5,ENZ_PAZY_249,9,L,N,0.8571,2,1
6,ENZ_PAZY_249,9,L,Q,0.8571,2,1
7,ENZ_PAZY_249,9,L,R,0.8571,2,1
8,ENZ_PAZY_249,9,L,S,0.8571,2,1
9,ENZ_PAZY_249,9,L,T,0.8571,2,1
10,ENZ_PAZY_249,10,A,D,0.8571,2,1
1,ENZ_PAZY_343,204,F,D,0.8571,2,1
2,ENZ_PAZY_343,204,F,E,0.8571,2,1
3,ENZ_PAZY_343,204,F,H,0.8571,2,1
4,ENZ_PAZY_343,204,F,K,0.8571,2,1
5,ENZ_PAZY_343,204,F,N,0.8571,2,1
6,ENZ_PAZY_343,204,F,Q,0.8571,2,1
7,ENZ_PAZY_343,204,F,R,0.8571,2,1
8,ENZ_PAZY_343,204,F,S,0.8571,2,1
9,ENZ_PAZY_343,204,F,T,0.8571,2,1
10,ENZ_PAZY_343,279,V,D,0.8571,2,1
1,ENZ_PAZY_344,102,A,D,1.0,2,1
2,ENZ_PAZY_344,102,A,E,1.0,2,1
3,ENZ_PAZY_344,102,A,H,1.0,2,1
4,ENZ_PAZY_344,102,A,K,1.0,2,1
5,ENZ_PAZY_344,102,A,N,1.0,2,1
6,ENZ_PAZY_344,102,A,Q,1.0,2,1
7,ENZ_PAZY_344,102,A,R,1.0,2,1
8,ENZ_PAZY_344,102,A,S,1.0,2,1
9,ENZ_PAZY_344,102,A,T,1.0,2,1
10,ENZ_PAZY_344,103,M,D,1.0,2,1
1,ENZ_PAZY_345,7,M,D,1.0,2,1
2,ENZ_PAZY_345,7,M,E,1.0,2,1
3,ENZ_PAZY_345,7,M,H,1.0,2,1
4,ENZ_PAZY_345,7,M,K,1.0,2,1
5,ENZ_PAZY_345,7,M,N,1.0,2,1
6,ENZ_PAZY_345,7,M,Q,1.0,2,1
7,ENZ_PAZY_345,7,M,R,1.0,2,1
8,ENZ_PAZY_345,7,M,S,1.0,2,1
9,ENZ_PAZY_345,7,M,T,1.0,2,1
10,ENZ_PAZY_345,8,A,D,1.0,2,1
1,ENZ_PAZY_346,135,A,D,0.8571,2,1
2,ENZ_PAZY_346,135,A,E,0.8571,2,1
3,ENZ_PAZY_346,135,A,H,0.8571,2,1
4,ENZ_PAZY_346,135,A,K,0.8571,2,1
5,ENZ_PAZY_346,135,A,N,0.8571,2,1
6,ENZ_PAZY_346,135,A,Q,0.8571,2,1
7,ENZ_PAZY_346,135,A,R,0.8571,2,1
8,ENZ_PAZY_346,135,A,S,0.8571,2,1
9,ENZ_PAZY_346,135,A,T,0.8571,2,1
10,ENZ_PAZY_346,182,F,D,0.8571,2,1
1,ENZ_PAZY_347,126,Y,D,0.8571,2,1
2,ENZ_PAZY_347,126,Y,E,0.8571,2,1
3,ENZ_PAZY_347,126,Y,H,0.8571,2,1
4,ENZ_PAZY_347,126,Y,K,0.8571,2,1
5,ENZ_PAZY_347,126,Y,N,0.8571,2,1
6,ENZ_PAZY_347,126,Y,Q,0.8571,2,1
7,ENZ_PAZY_347,126,Y,R,0.8571,2,1
8,ENZ_PAZY_347,126,Y,S,0.8571,2,1
9,ENZ_PAZY_347,126,Y,T,0.8571,2,1
10,ENZ_PAZY_347,179,V,D,0.8571,2,1
1,ENZ_PAZY_348,79,A,D,0.8571,2,1
2,ENZ_PAZY_348,79,A,E,0.8571,2,1
3,ENZ_PAZY_348,79,A,H,0.8571,2,1
4,ENZ_PAZY_348,79,A,K,0.8571,2,1
5,ENZ_PAZY_348,79,A,N,0.8571,2,1
6,ENZ_PAZY_348,79,A,Q,0.8571,2,1
7,ENZ_PAZY_348,79,A,R,0.8571,2,1
8,ENZ_PAZY_348,79,A,S,0.8571,2,1
9,ENZ_PAZY_348,79,A,T,0.8571,2,1
10,ENZ_PAZY_348,90,L,D,0.8571,2,1
1,ENZ_PAZY_349,188,I,D,1.0,2,1
2,ENZ_PAZY_349,188,I,E,1.0,2,1
3,ENZ_PAZY_349,188,I,H,1.0,2,1
4,ENZ_PAZY_349,188,I,K,1.0,2,1
5,ENZ_PAZY_349,188,I,N,1.0,2,1
6,ENZ_PAZY_349,188,I,Q,1.0,2,1
7,ENZ_PAZY_349,188,I,R,1.0,2,1
8,ENZ_PAZY_349,188,I,S,1.0,2,1
9,ENZ_PAZY_349,188,I,T,1.0,2,1
10,ENZ_PAZY_349,189,A,D,1.0,2,1
1,ENZ_PAZY_350,4,L,D,0.8571,2,1
2,ENZ_PAZY_350,4,L,E,0.8571,2,1
3,ENZ_PAZY_350,4,L,H,0.8571,2,1
4,ENZ_PAZY_350,4,L,K,0.8571,2,1
5,ENZ_PAZY_350,4,L,N,0.8571,2,1
6,ENZ_PAZY_350,4,L,Q,0.8571,2,1
7,ENZ_PAZY_350,4,L,R,0.8571,2,1
8,ENZ_PAZY_350,4,L,S,0.8571,2,1
9,ENZ_PAZY_350,4,L,T,0.8571,2,1
10,ENZ_PAZY_350,6,A,D,0.8571,2,1
1,ENZ_PAZY_351,188,A,D,1.0,2,1
2,ENZ_PAZY_351,188,A,E,1.0,2,1
3,ENZ_PAZY_351,188,A,H,1.0,2,1
4,ENZ_PAZY_351,188,A,K,1.0,2,1
5,ENZ_PAZY_351,188,A,N,1.0,2,1
6,ENZ_PAZY_351,188,A,Q,1.0,2,1
7,ENZ_PAZY_351,188,A,R,1.0,2,1
8,ENZ_PAZY_351,188,A,S,1.0,2,1
9,ENZ_PAZY_351,188,A,T,1.0,2,1
10,ENZ_PAZY_351,189,A,D,1.0,2,1
1,ENZ_PAZY_352,104,A,D,0.8571,2,1
2,ENZ_PAZY_352,104,A,E,0.8571,2,1
3,ENZ_PAZY_352,104,A,H,0.8571,2,1
4,ENZ_PAZY_352,104,A,K,0.8571,2,1
5,ENZ_PAZY_352,104,A,N,0.8571,2,1
6,ENZ_PAZY_352,104,A,Q,0.8571,2,1
7,ENZ_PAZY_352,104,A,R,0.8571,2,1
8,ENZ_PAZY_352,104,A,S,0.8571,2,1
9,ENZ_PAZY_352,104,A,T,0.8571,2,1
10,ENZ_PAZY_352,105,A,D,0.8571,2,1
1,ENZ_PAZY_353,109,F,D,0.8571,2,1
2,ENZ_PAZY_353,109,F,E,0.8571,2,1
3,ENZ_PAZY_353,109,F,H,0.8571,2,1
4,ENZ_PAZY_353,109,F,K,0.8571,2,1
5,ENZ_PAZY_353,109,F,N,0.8571,2,1
6,ENZ_PAZY_353,109,F,Q,0.8571,2,1
7,ENZ_PAZY_353,109,F,R,0.8571,2,1
8,ENZ_PAZY_353,109,F,S,0.8571,2,1
9,ENZ_PAZY_353,109,F,T,0.8571,2,1
10,ENZ_PAZY_353,292,L,D,0.8571,2,1
1,ENZ_PAZY_354,79,L,D,0.8571,2,1
2,ENZ_PAZY_354,79,L,E,0.8571,2,1
3,ENZ_PAZY_354,79,L,H,0.8571,2,1
4,ENZ_PAZY_354,79,L,K,0.8571,2,1
5,ENZ_PAZY_354,79,L,N,0.8571,2,1
6,ENZ_PAZY_354,79,L,Q,0.8571,2,1
7,ENZ_PAZY_354,79,L,R,0.8571,2,1
8,ENZ_PAZY_354,79,L,S,0.8571,2,1
9,ENZ_PAZY_354,79,L,T,0.8571,2,1
10,ENZ_PAZY_354,182,I,D,0.8571,2,1
1,ENZ_PAZY_355,120,A,D,0.8571,2,1
2,ENZ_PAZY_355,120,A,E,0.8571,2,1
3,ENZ_PAZY_355,120,A,H,0.8571,2,1
4,ENZ_PAZY_355,120,A,K,0.8571,2,1
5,ENZ_PAZY_355,120,A,N,0.8571,2,1
6,ENZ_PAZY_355,120,A,Q,0.8571,2,1
7,ENZ_PAZY_355,120,A,R,0.8571,2,1
8,ENZ_PAZY_355,120,A,S,0.8571,2,1
9,ENZ_PAZY_355,120,A,T,0.8571,2,1
10,ENZ_PAZY_355,188,L,D,0.8571,2,1
1,ENZ_PAZY_356,179,L,D,1.0,2,1
2,ENZ_PAZY_356,179,L,E,1.0,2,1
3,ENZ_PAZY_356,179,L,H,1.0,2,1
4,ENZ_PAZY_356,179,L,K,1.0,2,1
5,ENZ_PAZY_356,179,L,N,1.0,2,1
6,ENZ_PAZY_356,179,L,Q,1.0,2,1
7,ENZ_PAZY_356,179,L,R,1.0,2,1
8,ENZ_PAZY_356,179,L,S,1.0,2,1
9,ENZ_PAZY_356,179,L,T,1.0,2,1
10,ENZ_PAZY_356,177,A,D,0.8571,2,1
1,ENZ_PAZY_357,170,V,D,1.0,2,1
2,ENZ_PAZY_357,170,V,E,1.0,2,1
3,ENZ_PAZY_357,170,V,H,1.0,2,1
4,ENZ_PAZY_357,170,V,K,1.0,2,1
5,ENZ_PAZY_357,170,V,N,1.0,2,1
6,ENZ_PAZY_357,170,V,Q,1.0,2,1
7,ENZ_PAZY_357,170,V,R,1.0,2,1
8,ENZ_PAZY_357,170,V,S,1.0,2,1
9,ENZ_PAZY_357,170,V,T,1.0,2,1
10,ENZ_PAZY_357,168,F,D,0.8571,2,1
1,ENZ_PAZY_358,82,L,D,0.8571,2,1
2,ENZ_PAZY_358,82,L,E,0.8571,2,1
3,ENZ_PAZY_358,82,L,H,0.8571,2,1
4,ENZ_PAZY_358,82,L,K,0.8571,2,1
5,ENZ_PAZY_358,82,L,N,0.8571,2,1
6,ENZ_PAZY_358,82,L,Q,0.8571,2,1
7,ENZ_PAZY_358,82,L,R,0.8571,2,1
8,ENZ_PAZY_358,82,L,S,0.8571,2,1
9,ENZ_PAZY_358,82,L,T,0.8571,2,1
10,ENZ_PAZY_358,83,A,D,0.8571,2,1
1,ENZ_PAZY_359,65,I,D,0.8571,2,1
2,ENZ_PAZY_359,65,I,E,0.8571,2,1
3,ENZ_PAZY_359,65,I,H,0.8571,2,1
4,ENZ_PAZY_359,65,I,K,0.8571,2,1
5,ENZ_PAZY_359,65,I,N,0.8571,2,1
6,ENZ_PAZY_359,65,I,Q,0.8571,2,1
7,ENZ_PAZY_359,65,I,R,0.8571,2,1
8,ENZ_PAZY_359,65,I,S,0.8571,2,1
9,ENZ_PAZY_359,65,I,T,0.8571,2,1
10,ENZ_PAZY_359,108,F,D,0.8571,2,1
1,ENZ_PAZY_360,107,A,D,0.8571,2,1
2,ENZ_PAZY_360,107,A,E,0.8571,2,1
3,ENZ_PAZY_360,107,A,H,0.8571,2,1
4,ENZ_PAZY_360,107,A,K,0.8571,2,1
5,ENZ_PAZY_360,107,A,N,0.8571,2,1
6,ENZ_PAZY_360,107,A,Q,0.8571,2,1
7,ENZ_PAZY_360,107,A,R,0.8571,2,1
8,ENZ_PAZY_360,107,A,S,0.8571,2,1
9,ENZ_PAZY_360,107,A,T,0.8571,2,1
10,ENZ_PAZY_360,108,A,D,0.8571,2,1
1,ENZ_PAZY_361,73,L,D,0.8571,2,1
2,ENZ_PAZY_361,73,L,E,0.8571,2,1
3,ENZ_PAZY_361,73,L,H,0.8571,2,1
4,ENZ_PAZY_361,73,L,K,0.8571,2,1
5,ENZ_PAZY_361,73,L,N,0.8571,2,1
6,ENZ_PAZY_361,73,L,Q,0.8571,2,1
7,ENZ_PAZY_361,73,L,R,0.8571,2,1
8,ENZ_PAZY_361,73,L,S,0.8571,2,1
9,ENZ_PAZY_361,73,L,T,0.8571,2,1
10,ENZ_PAZY_361,123,Y,D,0.8571,2,1
1,ENZ_PAZY_362,101,A,D,0.8571,2,1
2,ENZ_PAZY_362,101,A,E,0.8571,2,1
3,ENZ_PAZY_362,101,A,H,0.8571,2,1
4,ENZ_PAZY_362,101,A,K,0.8571,2,1
5,ENZ_PAZY_362,101,A,N,0.8571,2,1
6,ENZ_PAZY_362,101,A,Q,0.8571,2,1
7,ENZ_PAZY_362,101,A,R,0.8571,2,1
8,ENZ_PAZY_362,101,A,S,0.8571,2,1
9,ENZ_PAZY_362,101,A,T,0.8571,2,1
10,ENZ_PAZY_362,102,A,D,0.8571,2,1
1,ENZ_PAZY_363,178,V,D,0.8571,2,1
2,ENZ_PAZY_363,178,V,E,0.8571,2,1
3,ENZ_PAZY_363,178,V,H,0.8571,2,1
4,ENZ_PAZY_363,178,V,K,0.8571,2,1
5,ENZ_PAZY_363,178,V,N,0.8571,2,1
6,ENZ_PAZY_363,178,V,Q,0.8571,2,1
7,ENZ_PAZY_363,178,V,R,0.8571,2,1
8,ENZ_PAZY_363,178,V,S,0.8571,2,1
9,ENZ_PAZY_363,178,V,T,0.8571,2,1
10,ENZ_PAZY_363,12,S,D,0.7143,2,0
1,ENZ_PAZY_364,98,A,D,0.8571,2,1
2,ENZ_PAZY_364,98,A,E,0.8571,2,1
3,ENZ_PAZY_364,98,A,H,0.8571,2,1
4,ENZ_PAZY_364,98,A,K,0.8571,2,1
5,ENZ_PAZY_364,98,A,N,0.8571,2,1
6,ENZ_PAZY_364,98,A,Q,0.8571,2,1
7,ENZ_PAZY_364,98,A,R,0.8571,2,1
8,ENZ_PAZY_364,98,A,S,0.8571,2,1
9,ENZ_PAZY_364,98,A,T,0.8571,2,1
10,ENZ_PAZY_364,99,A,D,0.8571,2,1
1,ENZ_PAZY_365,100,A,D,0.8571,2,1
2,ENZ_PAZY_365,100,A,E,0.8571,2,1
3,ENZ_PAZY_365,100,A,H,0.8571,2,1
4,ENZ_PAZY_365,100,A,K,0.8571,2,1
5,ENZ_PAZY_365,100,A,N,0.8571,2,1
6,ENZ_PAZY_365,100,A,Q,0.8571,2,1
7,ENZ_PAZY_365,100,A,R,0.8571,2,1
8,ENZ_PAZY_365,100,A,S,0.8571,2,1
9,ENZ_PAZY_365,100,A,T,0.8571,2,1
10,ENZ_PAZY_365,101,D,F,0.8571,2,1
1,ENZ_PAZY_366,294,A,D,1.0,2,1
2,ENZ_PAZY_366,294,A,E,1.0,2,1
3,ENZ_PAZY_366,294,A,H,1.0,2,1
4,ENZ_PAZY_366,294,A,K,1.0,2,1
5,ENZ_PAZY_366,294,A,N,1.0,2,1
6,ENZ_PAZY_366,294,A,Q,1.0,2,1
7,ENZ_PAZY_366,294,A,R,1.0,2,1
8,ENZ_PAZY_366,294,A,S,1.0,2,1
9,ENZ_PAZY_366,294,A,T,1.0,2,1
10,ENZ_PAZY_366,62,I,D,0.8571,2,1
1,ENZ_PAZY_367,99,A,D,1.0,2,1
2,ENZ_PAZY_367,99,A,E,1.0,2,1
3,ENZ_PAZY_367,99,A,H,1.0,2,1
4,ENZ_PAZY_367,99,A,K,1.0,2,1
5,ENZ_PAZY_367,99,A,N,1.0,2,1
6,ENZ_PAZY_367,99,A,Q,1.0,2,1
7,ENZ_PAZY_367,99,A,R,1.0,2,1
8,ENZ_PAZY_367,99,A,S,1.0,2,1
9,ENZ_PAZY_367,99,A,T,1.0,2,1
10,ENZ_PAZY_367,100,A,D,1.0,2,1
1,ENZ_PAZY_368,69,A,D,0.8571,2,1
2,ENZ_PAZY_368,69,A,E,0.8571,2,1
3,ENZ_PAZY_368,69,A,H,0.8571,2,1
4,ENZ_PAZY_368,69,A,K,0.8571,2,1
5,ENZ_PAZY_368,69,A,N,0.8571,2,1
6,ENZ_PAZY_368,69,A,Q,0.8571,2,1
7,ENZ_PAZY_368,69,A,R,0.8571,2,1
8,ENZ_PAZY_368,69,A,S,0.8571,2,1
9,ENZ_PAZY_368,69,A,T,0.8571,2,1
10,ENZ_PAZY_368,70,V,D,0.8571,2,1
1,ENZ_PAZY_369,177,L,D,1.0,2,1
2,ENZ_PAZY_369,177,L,E,1.0,2,1
3,ENZ_PAZY_369,177,L,H,1.0,2,1
4,ENZ_PAZY_369,177,L,K,1.0,2,1
5,ENZ_PAZY_369,177,L,N,1.0,2,1
6,ENZ_PAZY_369,177,L,Q,1.0,2,1
7,ENZ_PAZY_369,177,L,R,1.0,2,1
8,ENZ_PAZY_369,177,L,S,1.0,2,1
9,ENZ_PAZY_369,177,L,T,1.0,2,1
10,ENZ_PAZY_369,63,A,D,0.8571,2,1
1,ENZ_PAZY_370,112,A,D,0.8571,2,1
2,ENZ_PAZY_370,112,A,E,0.8571,2,1
3,ENZ_PAZY_370,112,A,H,0.8571,2,1
4,ENZ_PAZY_370,112,A,K,0.8571,2,1
5,ENZ_PAZY_370,112,A,N,0.8571,2,1
6,ENZ_PAZY_370,112,A,Q,0.8571,2,1
7,ENZ_PAZY_370,112,A,R,0.8571,2,1
8,ENZ_PAZY_370,112,A,S,0.8571,2,1
9,ENZ_PAZY_370,112,A,T,0.8571,2,1
10,ENZ_PAZY_370,113,A,D,0.8571,2,1
1,ENZ_PAZY_371,102,L,D,0.8571,2,1
2,ENZ_PAZY_371,102,L,E,0.8571,2,1
3,ENZ_PAZY_371,102,L,H,0.8571,2,1
4,ENZ_PAZY_371,102,L,K,0.8571,2,1
5,ENZ_PAZY_371,102,L,N,0.8571,2,1
6,ENZ_PAZY_371,102,L,Q,0.8571,2,1
7,ENZ_PAZY_371,102,L,R,0.8571,2,1
8,ENZ_PAZY_371,102,L,S,0.8571,2,1
9,ENZ_PAZY_371,102,L,T,0.8571,2,1
10,ENZ_PAZY_371,133,S,D,0.8571,2,0
1,ENZ_PAZY_372,126,F,D,1.0,2,1
2,ENZ_PAZY_372,126,F,E,1.0,2,1
3,ENZ_PAZY_372,126,F,H,1.0,2,1
4,ENZ_PAZY_372,126,F,K,1.0,2,1
5,ENZ_PAZY_372,126,F,N,1.0,2,1
6,ENZ_PAZY_372,126,F,Q,1.0,2,1
7,ENZ_PAZY_372,126,F,R,1.0,2,1
8,ENZ_PAZY_372,126,F,S,1.0,2,1
9,ENZ_PAZY_372,126,F,T,1.0,2,1
10,ENZ_PAZY_372,73,L,D,0.8571,2,1
1,ENZ_PAZY_373,65,A,D,0.8571,2,1
2,ENZ_PAZY_373,65,A,E,0.8571,2,1
3,ENZ_PAZY_373,65,A,H,0.8571,2,1
4,ENZ_PAZY_373,65,A,K,0.8571,2,1
5,ENZ_PAZY_373,65,A,N,0.8571,2,1
6,ENZ_PAZY_373,65,A,Q,0.8571,2,1
7,ENZ_PAZY_373,65,A,R,0.8571,2,1
8,ENZ_PAZY_373,65,A,S,0.8571,2,1
9,ENZ_PAZY_373,65,A,T,0.8571,2,1
10,ENZ_PAZY_373,286,V,D,0.8571,2,1
1,ENZ_PAZY_374,219,S,D,0.8571,2,0
2,ENZ_PAZY_374,219,S,E,0.8571,2,0
3,ENZ_PAZY_374,219,S,F,0.8571,2,1
4,ENZ_PAZY_374,219,S,H,0.8571,2,0
5,ENZ_PAZY_374,219,S,I,0.8571,2,1
6,ENZ_PAZY_374,219,S,K,0.8571,2,0
7,ENZ_PAZY_374,219,S,L,0.8571,2,1
8,ENZ_PAZY_374,219,S,M,0.8571,2,1
9,ENZ_PAZY_374,219,S,R,0.8571,2,0
10,ENZ_PAZY_374,219,S,V,0.8571,2,1
1,ENZ_PAZY_375,179,I,D,1.0,2,1
2,ENZ_PAZY_375,179,I,E,1.0,2,1
3,ENZ_PAZY_375,179,I,H,1.0,2,1
4,ENZ_PAZY_375,179,I,K,1.0,2,1
5,ENZ_PAZY_375,179,I,N,1.0,2,1
6,ENZ_PAZY_375,179,I,Q,1.0,2,1
7,ENZ_PAZY_375,179,I,R,1.0,2,1
8,ENZ_PAZY_375,179,I,S,1.0,2,1
9,ENZ_PAZY_375,179,I,T,1.0,2,1
10,ENZ_PAZY_375,110,A,D,0.8571,2,1
1,ENZ_PAZY_376,193,L,D,0.8571,2,1
2,ENZ_PAZY_376,193,L,E,0.8571,2,1
3,ENZ_PAZY_376,193,L,H,0.8571,2,1
4,ENZ_PAZY_376,193,L,K,0.8571,2,1
5,ENZ_PAZY_376,193,L,N,0.8571,2,1
6,ENZ_PAZY_376,193,L,Q,0.8571,2,1
7,ENZ_PAZY_376,193,L,R,0.8571,2,1
8,ENZ_PAZY_376,193,L,S,0.8571,2,1
9,ENZ_PAZY_376,193,L,T,0.8571,2,1
10,ENZ_PAZY_376,212,A,D,0.8571,2,1
1,ENZ_PAZY_377,71,A,D,0.8571,2,1
2,ENZ_PAZY_377,71,A,E,0.8571,2,1
3,ENZ_PAZY_377,71,A,H,0.8571,2,1
4,ENZ_PAZY_377,71,A,K,0.8571,2,1
5,ENZ_PAZY_377,71,A,N,0.8571,2,1
6,ENZ_PAZY_377,71,A,Q,0.8571,2,1
7,ENZ_PAZY_377,71,A,R,0.8571,2,1
8,ENZ_PAZY_377,71,A,S,0.8571,2,1
9,ENZ_PAZY_377,71,A,T,0.8571,2,1
10,ENZ_PAZY_377,72,V,D,0.8571,2,1
1,ENZ_PAZY_378,57,V,D,0.8571,2,1
2,ENZ_PAZY_378,57,V,E,0.8571,2,1
3,ENZ_PAZY_378,57,V,H,0.8571,2,1
4,ENZ_PAZY_378,57,V,K,0.8571,2,1
5,ENZ_PAZY_378,57,V,N,0.8571,2,1
6,ENZ_PAZY_378,57,V,Q,0.8571,2,1
7,ENZ_PAZY_378,57,V,R,0.8571,2,1
8,ENZ_PAZY_378,57,V,S,0.8571,2,1
9,ENZ_PAZY_378,57,V,T,0.8571,2,1
10,ENZ_PAZY_378,169,I,D,0.8571,2,1
1,ENZ_PAZY_379,104,F,D,0.8571,2,1
2,ENZ_PAZY_379,104,F,E,0.8571,2,1
3,ENZ_PAZY_379,104,F,H,0.8571,2,1
4,ENZ_PAZY_379,104,F,K,0.8571,2,1
5,ENZ_PAZY_379,104,F,N,0.8571,2,1
6,ENZ_PAZY_379,104,F,Q,0.8571,2,1
7,ENZ_PAZY_379,104,F,R,0.8571,2,1
8,ENZ_PAZY_379,104,F,S,0.8571,2,1
9,ENZ_PAZY_379,104,F,T,0.8571,2,1
10,ENZ_PAZY_379,105,D,F,0.8571,2,1
1,ENZ_PAZY_380,168,A,D,1.0,2,1
2,ENZ_PAZY_380,168,A,E,1.0,2,1
3,ENZ_PAZY_380,168,A,H,1.0,2,1
4,ENZ_PAZY_380,168,A,K,1.0,2,1
5,ENZ_PAZY_380,168,A,N,1.0,2,1
6,ENZ_PAZY_380,168,A,Q,1.0,2,1
7,ENZ_PAZY_380,168,A,R,1.0,2,1
8,ENZ_PAZY_380,168,A,S,1.0,2,1
9,ENZ_PAZY_380,168,A,T,1.0,2,1
10,ENZ_PAZY_380,111,L,D,0.8571,2,1
1,ENZ_PAZY_482,224,A,D,0.8571,2,1
2,ENZ_PAZY_482,224,A,E,0.8571,2,1
3,ENZ_PAZY_482,224,A,H,0.8571,2,1
4,ENZ_PAZY_482,224,A,K,0.8571,2,1
5,ENZ_PAZY_482,224,A,N,0.8571,2,1
6,ENZ_PAZY_482,224,A,Q,0.8571,2,1
7,ENZ_PAZY_482,224,A,R,0.8571,2,1
8,ENZ_PAZY_482,224,A,S,0.8571,2,1
9,ENZ_PAZY_482,224,A,T,0.8571,2,1
10,ENZ_PAZY_482,225,W,D,0.8571,2,1
1,ENZ_PAZY_500,13,A,D,0.8571,2,1
2,ENZ_PAZY_500,13,A,E,0.8571,2,1
3,ENZ_PAZY_500,13,A,H,0.8571,2,1
4,ENZ_PAZY_500,13,A,K,0.8571,2,1
5,ENZ_PAZY_500,13,A,N,0.8571,2,1
6,ENZ_PAZY_500,13,A,Q,0.8571,2,1
7,ENZ_PAZY_500,13,A,R,0.8571,2,1
8,ENZ_PAZY_500,13,A,S,0.8571,2,1
9,ENZ_PAZY_500,13,A,T,0.8571,2,1
10,ENZ_PAZY_500,105,A,D,0.8571,2,1
1,ENZ_PAZY_501,374,F,D,1.0,2,1
2,ENZ_PAZY_501,374,F,E,1.0,2,1
3,ENZ_PAZY_501,374,F,H,1.0,2,1
4,ENZ_PAZY_501,374,F,K,1.0,2,1
5,ENZ_PAZY_501,374,F,N,1.0,2,1
6,ENZ_PAZY_501,374,F,Q,1.0,2,1
7,ENZ_PAZY_501,374,F,R,1.0,2,1
8,ENZ_PAZY_501,374,F,S,1.0,2,1
9,ENZ_PAZY_501,374,F,T,1.0,2,1
10,ENZ_PAZY_501,375,F,D,1.0,2,1
1,ENZ_PAZY_54,159,A,D,1.0,2,1
2,ENZ_PAZY_54,159,A,E,1.0,2,1
3,ENZ_PAZY_54,159,A,H,1.0,2,1
4,ENZ_PAZY_54,159,A,K,1.0,2,1
5,ENZ_PAZY_54,159,A,N,1.0,2,1
6,ENZ_PAZY_54,159,A,Q,1.0,2,1
7,ENZ_PAZY_54,159,A,R,1.0,2,1
8,ENZ_PAZY_54,159,A,S,1.0,2,1
9,ENZ_PAZY_54,159,A,T,1.0,2,1
10,ENZ_PAZY_54,287,A,D,1.0,2,1
1,ENZ_PAZY_59,159,A,D,1.0,2,1
2,ENZ_PAZY_59,159,A,E,1.0,2,1
3,ENZ_PAZY_59,159,A,H,1.0,2,1
4,ENZ_PAZY_59,159,A,K,1.0,2,1
5,ENZ_PAZY_59,159,A,N,1.0,2,1
6,ENZ_PAZY_59,159,A,Q,1.0,2,1
7,ENZ_PAZY_59,159,A,R,1.0,2,1
8,ENZ_PAZY_59,159,A,S,1.0,2,1
9,ENZ_PAZY_59,159,A,T,1.0,2,1
10,ENZ_PAZY_59,287,A,D,1.0,2,1
1,ENZ_PAZY_61,167,E,F,0.8571,2,1
2,ENZ_PAZY_61,167,E,H,0.8571,2,0
3,ENZ_PAZY_61,167,E,I,0.8571,2,1
4,ENZ_PAZY_61,167,E,K,0.8571,2,0
5,ENZ_PAZY_61,167,E,L,0.8571,2,1
6,ENZ_PAZY_61,167,E,M,0.8571,2,1
7,ENZ_PAZY_61,167,E,N,0.8571,2,0
8,ENZ_PAZY_61,167,E,Q,0.8571,2,0
9,ENZ_PAZY_61,167,E,R,0.8571,2,0
10,ENZ_PAZY_61,167,E,S,0.8571,2,0
1,ENZ_PAZY_62,167,E,F,0.8571,2,1
2,ENZ_PAZY_62,167,E,H,0.8571,2,0
3,ENZ_PAZY_62,167,E,I,0.8571,2,1
4,ENZ_PAZY_62,167,E,K,0.8571,2,0
5,ENZ_PAZY_62,167,E,L,0.8571,2,1
6,ENZ_PAZY_62,167,E,M,0.8571,2,1
7,ENZ_PAZY_62,167,E,N,0.8571,2,0
8,ENZ_PAZY_62,167,E,Q,0.8571,2,0
9,ENZ_PAZY_62,167,E,R,0.8571,2,0
10,ENZ_PAZY_62,167,E,S,0.8571,2,0
1,ENZ_PAZY_63,167,E,F,0.8571,2,1
2,ENZ_PAZY_63,167,E,H,0.8571,2,0
3,ENZ_PAZY_63,167,E,I,0.8571,2,1
4,ENZ_PAZY_63,167,E,K,0.8571,2,0
5,ENZ_PAZY_63,167,E,L,0.8571,2,1
6,ENZ_PAZY_63,167,E,M,0.8571,2,1
7,ENZ_PAZY_63,167,E,N,0.8571,2,0
8,ENZ_PAZY_63,167,E,Q,0.8571,2,0
9,ENZ_PAZY_63,167,E,R,0.8571,2,0
10,ENZ_PAZY_63,167,E,S,0.8571,2,0
1,ENZ_PAZY_65,155,A,D,0.8571,2,1
2,ENZ_PAZY_65,155,A,E,0.8571,2,1
3,ENZ_PAZY_65,155,A,H,0.8571,2,1
4,ENZ_PAZY_65,155,A,K,0.8571,2,1
5,ENZ_PAZY_65,155,A,N,0.8571,2,1
6,ENZ_PAZY_65,155,A,Q,0.8571,2,1
7,ENZ_PAZY_65,155,A,R,0.8571,2,1
8,ENZ_PAZY_65,155,A,S,0.8571,2,1
9,ENZ_PAZY_65,155,A,T,0.8571,2,1
10,ENZ_PAZY_65,318,D,F,0.8571,2,1
1,ENZ_PDB_7CWQ_1,55,V,D,1.0,2,1
2,ENZ_PDB_7CWQ_1,55,V,E,1.0,2,1
3,ENZ_PDB_7CWQ_1,55,V,H,1.0,2,1
4,ENZ_PDB_7CWQ_1,55,V,K,1.0,2,1
5,ENZ_PDB_7CWQ_1,55,V,N,1.0,2,1
6,ENZ_PDB_7CWQ_1,55,V,Q,1.0,2,1
7,ENZ_PDB_7CWQ_1,55,V,R,1.0,2,1
8,ENZ_PDB_7CWQ_1,55,V,S,1.0,2,1
9,ENZ_PDB_7CWQ_1,55,V,T,1.0,2,1
10,ENZ_PDB_7CWQ_1,54,A,D,0.8571,2,1
